"genesysId","datasetId","value"
"263308","1038","Colorless"
"263309","1038","Colorless"
"135992","1038","Colorless"
"263310","1038","Colorless"
"485824","1038","Colorless"
"485825","1038","Colorless"
"485826","1038","Colorless"
"263311","1038","Colorless"
"485827","1038","Colorless"
"485828","1038","Colorless"
"135993","1038","Colorless"
"263312","1038","Colorless"
"485829","1038","Colorless"
"263314","1038","Colorless"
"390324","1038","Colorless"
"390325","1038","Colorless"
"135994","1038","Colorless"
"263315","1038","Colorless"
"390326","1038","Colorless"
"135995","1038","Colorless"
"263316","1038","Colorless"
"485830","1038","Colorless"
"263317","1038","Colorless"
"135996","1038","Colorless"
"263318","1038","Colorless"
"485831","1038","Colorless"
"485832","1038","Colorless"
"485833","1038","Colorless"
"263319","1038","Colorless"
"263320","1038","Colorless"
"390328","1038","Colorless"
"135998","1038","Colorless"
"485834","1038","Colorless"
"390329","1038","Colorless"
"390330","1038","Colorless"
"390331","1038","Colorless"
"135999","1038","Colorless"
"390332","1038","Colorless"
"263321","1038","Colorless"
"390333","1038","Colorless"
"390334","1038","Colorless"
"136000","1038","Colorless"
"390335","1038","Colorless"
"136001","1038","Colorless"
"263322","1038","Colorless"
"136002","1038","Colorless"
"263323","1038","Colorless"
"263324","1038","Colorless"
"390336","1038","Colorless"
"485837","1038","Colorless"
"390337","1038","Colorless"
"136004","1038","Colorless"
"263325","1038","Colorless"
"136005","1038","Colorless"
"390339","1038","Colorless"
"390340","1038","Colorless"
"136006","1038","Colorless"
"390341","1038","Colorless"
"136008","1038","Colorless"
"263326","1038","Colorless"
"485838","1038","Colorless"
"136009","1038","Colorless"
"263327","1038","Colorless"
"263328","1038","Colorless"
"390342","1038","Colorless"
"263329","1038","Colorless"
"390343","1038","Colorless"
"136011","1038","Colorless"
"390344","1038","Colorless"
"263330","1038","Colorless"
"390345","1038","Colorless"
"136012","1038","Colorless"
"485839","1038","Colorless"
"136013","1038","Colorless"
"485840","1038","Colorless"
"263331","1038","Colorless"
"390347","1038","Colorless"
"485841","1038","Colorless"
"263332","1038","Colorless"
"485842","1038","Colorless"
"263333","1038","Colorless"
"485843","1038","Colorless"
"390349","1038","Colorless"
"390350","1038","Colorless"
"263334","1038","Colorless"
"136015","1038","Colorless"
"263335","1038","Colorless"
"136016","1038","Colorless"
"136017","1038","Colorless"
"390351","1038","Colorless"
"485844","1038","Colorless"
"390352","1038","Colorless"
"263336","1038","Colorless"
"485846","1038","Colorless"
"263337","1038","Colorless"
"263338","1038","Colorless"
"263339","1038","Colorless"
"390353","1038","Colorless"
"390354","1038","Colorless"
"390355","1038","Colorless"
"485848","1038","Colorless"
"390357","1038","Colorless"
"390358","1038","Colorless"
"136018","1038","Colorless"
"485850","1038","Colorless"
"485851","1038","Colorless"
"136019","1038","Colorless"
"263340","1038","Colorless"
"390359","1038","Colorless"
"390360","1038","Colorless"
"136020","1038","Colorless"
"390361","1038","Colorless"
"485852","1038","Colorless"
"263342","1038","Colorless"
"263343","1038","Colorless"
"390363","1038","Colorless"
"390364","1038","Colorless"
"263344","1038","Colorless"
"485854","1038","Colorless"
"390365","1038","Colorless"
"485855","1038","Colorless"
"390366","1038","Colorless"
"390367","1038","Colorless"
"390368","1038","Colorless"
"390369","1038","Colorless"
"136021","1038","Colorless"
"263346","1038","Colorless"
"390370","1038","Colorless"
"263347","1038","Colorless"
"136022","1038","Colorless"
"485857","1038","Colorless"
"390371","1038","Colorless"
"390372","1038","Colorless"
"263348","1038","Colorless"
"263349","1038","Colorless"
"485858","1038","Colorless"
"136023","1038","Colorless"
"485859","1038","Colorless"
"485860","1038","Colorless"
"390373","1038","Colorless"
"136024","1038","Colorless"
"136025","1038","Colorless"
"485861","1038","Colorless"
"263350","1038","Colorless"
"390374","1038","Colorless"
"136026","1038","Colorless"
"485862","1038","Colorless"
"136027","1038","Colorless"
"390375","1038","Colorless"
"390376","1038","Colorless"
"390377","1038","Colorless"
"485863","1038","Colorless"
"263351","1038","Colorless"
"263352","1038","Colorless"
"263353","1038","Colorless"
"390378","1038","Colorless"
"390379","1038","Colorless"
"136028","1038","Green"
"152077","1038","Colorless"
"279323","1038","Colorless"
"152078","1038","Colorless"
"152079","1038","Colorless"
"24169","1038","Colorless"
"152080","1038","Colorless"
"279324","1038","Colorless"
"24170","1038","Colorless"
"279325","1038","Colorless"
"406286","1038","Colorless"
"279326","1038","Colorless"
"152081","1038","Colorless"
"24172","1038","Colorless"
"152082","1038","Colorless"
"406288","1038","Colorless"
"406289","1038","Colorless"
"279328","1038","Colorless"
"406290","1038","Colorless"
"24174","1038","Colorless"
"152083","1038","Colorless"
"152084","1038","Colorless"
"279329","1038","Colorless"
"279330","1038","Colorless"
"279331","1038","Colorless"
"406291","1038","Colorless"
"279332","1038","Colorless"
"406292","1038","Colorless"
"152085","1038","Colorless"
"152086","1038","Colorless"
"24175","1038","Colorless"
"406293","1038","Colorless"
"279333","1038","Colorless"
"24176","1038","Colorless"
"152087","1038","Colorless"
"279334","1038","Colorless"
"406295","1038","Colorless"
"24177","1038","Colorless"
"279335","1038","Colorless"
"24178","1038","Colorless"
"406296","1038","Colorless"
"24179","1038","Colorless"
"279336","1038","Colorless"
"24180","1038","Colorless"
"24181","1038","Colorless"
"279337","1038","Colorless"
"279338","1038","Colorless"
"279339","1038","Colorless"
"406297","1038","Colorless"
"24182","1038","Colorless"
"279340","1038","Colorless"
"152089","1038","Colorless"
"152091","1038","Colorless"
"152092","1038","Colorless"
"24183","1038","Colorless"
"406301","1038","Colorless"
"279341","1038","Colorless"
"24185","1038","Colorless"
"152093","1038","Colorless"
"406302","1038","Colorless"
"406303","1038","Colorless"
"152094","1038","Colorless"
"152095","1038","Colorless"
"152096","1038","Colorless"
"152097","1038","Colorless"
"152098","1038","Colorless"
"152100","1038","Colorless"
"24186","1038","Colorless"
"279346","1038","Colorless"
"152101","1038","Colorless"
"24187","1038","Colorless"
"24188","1038","Colorless"
"279347","1038","Colorless"
"279348","1038","Colorless"
"24189","1038","Colorless"
"279349","1038","Colorless"
"279350","1038","Colorless"
"24190","1038","Colorless"
"406306","1038","Colorless"
"406307","1038","Colorless"
"152102","1038","Colorless"
"152103","1038","Colorless"
"406308","1038","Colorless"
"152104","1038","Colorless"
"279351","1038","Colorless"
"24191","1038","Colorless"
"279352","1038","Colorless"
"152105","1038","Colorless"
"406309","1038","Colorless"
"406310","1038","Colorless"
"279353","1038","Colorless"
"279354","1038","Colorless"
"279355","1038","Colorless"
"279356","1038","Colorless"
"152106","1038","Colorless"
"24192","1038","Colorless"
"152107","1038","Colorless"
"152108","1038","Colorless"
"406311","1038","Colorless"
"279357","1038","Colorless"
"406313","1038","Colorless"
"406314","1038","Colorless"
"279359","1038","Colorless"
"406316","1038","Colorless"
"152109","1038","Colorless"
"152110","1038","Colorless"
"24196","1038","Colorless"
"152111","1038","Colorless"
"279360","1038","Colorless"
"279361","1038","Colorless"
"152112","1038","Colorless"
"279362","1038","Colorless"
"152113","1038","Colorless"
"279363","1038","Colorless"
"152114","1038","Colorless"
"279364","1038","Colorless"
"152115","1038","Colorless"
"152116","1038","Colorless"
"152117","1038","Colorless"
"24198","1038","Colorless"
"152118","1038","Colorless"
"24200","1038","Colorless"
"152119","1038","Colorless"
"279365","1038","Colorless"
"24201","1038","Colorless"
"406318","1038","Colorless"
"406319","1038","Colorless"
"279366","1038","Colorless"
"24202","1038","Colorless"
"406321","1038","Colorless"
"279367","1038","Colorless"
"24203","1038","Colorless"
"406322","1038","Colorless"
"279368","1038","Colorless"
"279369","1038","Colorless"
"279370","1038","Colorless"
"24204","1038","Colorless"
"279371","1038","Colorless"
"152121","1038","Colorless"
"152122","1038","Colorless"
"279373","1038","Colorless"
"279374","1038","Colorless"
"24205","1038","Colorless"
"279376","1038","Colorless"
"406323","1038","Colorless"
"152124","1038","Colorless"
"152125","1038","Colorless"
"279377","1038","Colorless"
"153336","1038","Colorless"
"407613","1038","Colorless"
"281462","1038","Colorless"
"24193","1038","Green"
"152123","1038","Green"
"279375","1038","Green"
"24206","1038","Green"
"295179","1038","Colorless"
"295180","1038","Colorless"
"167901","1038","Colorless"
"167902","1038","Colorless"
"311073","1038","Colorless"
"167903","1038","Colorless"
"311074","1038","Colorless"
"311075","1038","Colorless"
"311076","1038","Colorless"
"167904","1038","Colorless"
"40251","1038","Colorless"
"167905","1038","Colorless"
"311077","1038","Colorless"
"167906","1038","Colorless"
"40252","1038","Colorless"
"40253","1038","Colorless"
"40254","1038","Colorless"
"40255","1038","Colorless"
"295181","1038","Colorless"
"311078","1038","Colorless"
"311079","1038","Colorless"
"40256","1038","Colorless"
"40257","1038","Colorless"
"295184","1038","Colorless"
"167907","1038","Colorless"
"167908","1038","Colorless"
"311080","1038","Colorless"
"40259","1038","Colorless"
"295185","1038","Colorless"
"40260","1038","Colorless"
"311081","1038","Colorless"
"40261","1038","Colorless"
"167910","1038","Colorless"
"40262","1038","Colorless"
"167911","1038","Colorless"
"40264","1038","Colorless"
"295186","1038","Colorless"
"311084","1038","Colorless"
"295188","1038","Colorless"
"311085","1038","Colorless"
"167912","1038","Colorless"
"40265","1038","Colorless"
"311086","1038","Colorless"
"40266","1038","Colorless"
"311087","1038","Colorless"
"295189","1038","Colorless"
"311088","1038","Colorless"
"295190","1038","Colorless"
"311089","1038","Colorless"
"295191","1038","Colorless"
"40267","1038","Colorless"
"167914","1038","Colorless"
"311092","1038","Colorless"
"295192","1038","Colorless"
"167917","1038","Colorless"
"167918","1038","Colorless"
"311094","1038","Colorless"
"40269","1038","Colorless"
"295193","1038","Colorless"
"167919","1038","Colorless"
"295194","1038","Colorless"
"295195","1038","Colorless"
"40270","1038","Colorless"
"295196","1038","Colorless"
"311095","1038","Colorless"
"40271","1038","Colorless"
"167920","1038","Colorless"
"295197","1038","Colorless"
"167921","1038","Colorless"
"295198","1038","Colorless"
"311096","1038","Colorless"
"311097","1038","Colorless"
"295199","1038","Colorless"
"311099","1038","Colorless"
"295200","1038","Colorless"
"40273","1038","Colorless"
"311102","1038","Colorless"
"295201","1038","Colorless"
"311103","1038","Colorless"
"40274","1038","Colorless"
"167923","1038","Colorless"
"40276","1038","Colorless"
"311104","1038","Colorless"
"295203","1038","Colorless"
"295204","1038","Colorless"
"311105","1038","Colorless"
"311106","1038","Colorless"
"40278","1038","Colorless"
"167924","1038","Colorless"
"40279","1038","Colorless"
"40280","1038","Colorless"
"40281","1038","Colorless"
"167925","1038","Colorless"
"167926","1038","Colorless"
"167927","1038","Colorless"
"167928","1038","Colorless"
"311107","1038","Colorless"
"311108","1038","Colorless"
"311109","1038","Colorless"
"40283","1038","Colorless"
"40284","1038","Colorless"
"311110","1038","Colorless"
"167929","1038","Colorless"
"295206","1038","Colorless"
"167930","1038","Colorless"
"295207","1038","Colorless"
"295208","1038","Colorless"
"311112","1038","Colorless"
"311113","1038","Colorless"
"295209","1038","Colorless"
"311114","1038","Colorless"
"311115","1038","Colorless"
"311116","1038","Colorless"
"311117","1038","Colorless"
"40285","1038","Colorless"
"167931","1038","Colorless"
"311118","1038","Colorless"
"311119","1038","Colorless"
"295210","1038","Colorless"
"311120","1038","Colorless"
"167932","1038","Colorless"
"311121","1038","Colorless"
"40286","1038","Colorless"
"167934","1038","Colorless"
"167935","1038","Colorless"
"295211","1038","Colorless"
"167936","1038","Colorless"
"295212","1038","Colorless"
"311123","1038","Colorless"
"40287","1038","Colorless"
"40288","1038","Colorless"
"167937","1038","Colorless"
"311124","1038","Colorless"
"167938","1038","Colorless"
"167939","1038","Colorless"
"40289","1038","Colorless"
"296421","1038","Colorless"
"296537","1038","Colorless"
"40272","1038","Green"
"311100","1038","Green"
"167933","1038","Green"
"311122","1038","Green"
"183853","1038","Colorless"
"72069","1038","Colorless"
"438169","1038","Colorless"
"438170","1038","Colorless"
"56007","1038","Colorless"
"183854","1038","Colorless"
"56008","1038","Colorless"
"183855","1038","Colorless"
"438171","1038","Colorless"
"56009","1038","Colorless"
"56010","1038","Colorless"
"56011","1038","Colorless"
"72070","1038","Colorless"
"72071","1038","Colorless"
"438172","1038","Colorless"
"56012","1038","Colorless"
"56014","1038","Colorless"
"72072","1038","Colorless"
"56015","1038","Colorless"
"56016","1038","Colorless"
"183856","1038","Colorless"
"183857","1038","Colorless"
"183858","1038","Colorless"
"56017","1038","Colorless"
"72073","1038","Colorless"
"438174","1038","Colorless"
"72074","1038","Colorless"
"72075","1038","Colorless"
"183859","1038","Colorless"
"72076","1038","Colorless"
"56019","1038","Colorless"
"56020","1038","Colorless"
"72078","1038","Colorless"
"72079","1038","Colorless"
"438175","1038","Colorless"
"56021","1038","Colorless"
"438177","1038","Colorless"
"72080","1038","Colorless"
"183860","1038","Colorless"
"183861","1038","Colorless"
"72081","1038","Colorless"
"72082","1038","Colorless"
"56022","1038","Colorless"
"438178","1038","Colorless"
"183862","1038","Colorless"
"438179","1038","Colorless"
"438180","1038","Colorless"
"72083","1038","Colorless"
"72084","1038","Colorless"
"72085","1038","Colorless"
"183863","1038","Colorless"
"183864","1038","Colorless"
"56024","1038","Colorless"
"56025","1038","Colorless"
"72089","1038","Colorless"
"72090","1038","Colorless"
"72091","1038","Colorless"
"56026","1038","Colorless"
"438182","1038","Colorless"
"438183","1038","Colorless"
"56027","1038","Colorless"
"183865","1038","Colorless"
"56028","1038","Colorless"
"72092","1038","Colorless"
"56029","1038","Colorless"
"72094","1038","Colorless"
"72095","1038","Colorless"
"183866","1038","Colorless"
"56030","1038","Colorless"
"183867","1038","Colorless"
"438185","1038","Colorless"
"438186","1038","Colorless"
"183868","1038","Colorless"
"438187","1038","Colorless"
"56031","1038","Colorless"
"72096","1038","Colorless"
"72097","1038","Colorless"
"56032","1038","Colorless"
"183870","1038","Colorless"
"438188","1038","Colorless"
"56034","1038","Colorless"
"72101","1038","Colorless"
"183872","1038","Colorless"
"56035","1038","Colorless"
"72102","1038","Colorless"
"183874","1038","Colorless"
"438189","1038","Colorless"
"183875","1038","Colorless"
"56036","1038","Colorless"
"72103","1038","Colorless"
"183877","1038","Colorless"
"72104","1038","Colorless"
"438190","1038","Colorless"
"438191","1038","Colorless"
"56037","1038","Colorless"
"72105","1038","Colorless"
"183878","1038","Colorless"
"72106","1038","Colorless"
"438192","1038","Colorless"
"438193","1038","Colorless"
"56038","1038","Colorless"
"438194","1038","Colorless"
"438195","1038","Colorless"
"56039","1038","Colorless"
"183880","1038","Colorless"
"56041","1038","Colorless"
"438196","1038","Colorless"
"438197","1038","Colorless"
"438198","1038","Colorless"
"438199","1038","Colorless"
"438200","1038","Colorless"
"183881","1038","Colorless"
"56042","1038","Colorless"
"438201","1038","Colorless"
"438202","1038","Colorless"
"438203","1038","Colorless"
"438204","1038","Colorless"
"72110","1038","Colorless"
"56043","1038","Colorless"
"438205","1038","Colorless"
"183882","1038","Colorless"
"72111","1038","Colorless"
"183883","1038","Colorless"
"56044","1038","Colorless"
"438207","1038","Colorless"
"438208","1038","Colorless"
"72112","1038","Colorless"
"183884","1038","Colorless"
"438210","1038","Colorless"
"56046","1038","Colorless"
"183885","1038","Colorless"
"438212","1038","Colorless"
"72113","1038","Colorless"
"183886","1038","Colorless"
"72114","1038","Colorless"
"72115","1038","Colorless"
"56047","1038","Colorless"
"439431","1038","Colorless"
"439452","1038","Colorless"
"439459","1038","Colorless"
"183873","1038","Green"
"438211","1038","Green"
"183887","1038","Green"
"326845","1038","Colorless"
"199702","1038","Colorless"
"199703","1038","Colorless"
"453970","1038","Colorless"
"8327","1038","Colorless"
"453971","1038","Colorless"
"199704","1038","Colorless"
"8328","1038","Colorless"
"326847","1038","Colorless"
"199705","1038","Colorless"
"453973","1038","Colorless"
"199707","1038","Colorless"
"326848","1038","Colorless"
"8329","1038","Colorless"
"453974","1038","Colorless"
"326849","1038","Colorless"
"453975","1038","Colorless"
"453977","1038","Colorless"
"199708","1038","Colorless"
"326850","1038","Colorless"
"199709","1038","Colorless"
"453978","1038","Colorless"
"8331","1038","Colorless"
"8332","1038","Colorless"
"199710","1038","Colorless"
"8333","1038","Colorless"
"453980","1038","Colorless"
"453981","1038","Colorless"
"326852","1038","Colorless"
"8334","1038","Colorless"
"199711","1038","Colorless"
"453982","1038","Colorless"
"8335","1038","Colorless"
"199712","1038","Colorless"
"199713","1038","Colorless"
"326855","1038","Colorless"
"326856","1038","Colorless"
"199714","1038","Colorless"
"326857","1038","Colorless"
"8336","1038","Colorless"
"326858","1038","Colorless"
"453984","1038","Colorless"
"8338","1038","Colorless"
"453985","1038","Colorless"
"8339","1038","Colorless"
"453986","1038","Colorless"
"8340","1038","Colorless"
"326861","1038","Colorless"
"326862","1038","Colorless"
"453987","1038","Colorless"
"453989","1038","Colorless"
"326863","1038","Colorless"
"453991","1038","Colorless"
"326865","1038","Colorless"
"8341","1038","Colorless"
"8342","1038","Colorless"
"8343","1038","Colorless"
"453993","1038","Colorless"
"8344","1038","Colorless"
"199719","1038","Colorless"
"199720","1038","Colorless"
"8345","1038","Colorless"
"326866","1038","Colorless"
"453994","1038","Colorless"
"326867","1038","Colorless"
"8347","1038","Colorless"
"199722","1038","Colorless"
"326869","1038","Colorless"
"326870","1038","Colorless"
"453995","1038","Colorless"
"8348","1038","Colorless"
"8349","1038","Colorless"
"453996","1038","Colorless"
"453997","1038","Colorless"
"8350","1038","Colorless"
"453998","1038","Colorless"
"199724","1038","Colorless"
"8351","1038","Colorless"
"8352","1038","Colorless"
"454000","1038","Colorless"
"454001","1038","Colorless"
"8353","1038","Colorless"
"454002","1038","Colorless"
"199726","1038","Colorless"
"199728","1038","Colorless"
"326871","1038","Colorless"
"454003","1038","Colorless"
"199729","1038","Colorless"
"199730","1038","Colorless"
"454004","1038","Colorless"
"454005","1038","Colorless"
"326872","1038","Colorless"
"454006","1038","Colorless"
"8354","1038","Colorless"
"326873","1038","Colorless"
"454007","1038","Colorless"
"326874","1038","Colorless"
"199731","1038","Colorless"
"8355","1038","Colorless"
"326875","1038","Colorless"
"8356","1038","Colorless"
"199732","1038","Colorless"
"199733","1038","Colorless"
"454009","1038","Colorless"
"454010","1038","Colorless"
"199736","1038","Colorless"
"199737","1038","Colorless"
"199738","1038","Colorless"
"8357","1038","Colorless"
"328207","1038","Colorless"
"453972","1038","Green"
"199721","1038","Green"
"326868","1038","Green"
"326876","1038","Green"
"199734","1038","Green"
"88115","1038","Colorless"
"469711","1038","Colorless"
"469712","1038","Colorless"
"215704","1038","Colorless"
"469713","1038","Colorless"
"88116","1038","Colorless"
"342718","1038","Colorless"
"342719","1038","Colorless"
"342720","1038","Colorless"
"469714","1038","Colorless"
"215705","1038","Colorless"
"342721","1038","Colorless"
"88117","1038","Colorless"
"342723","1038","Colorless"
"342724","1038","Colorless"
"342725","1038","Colorless"
"88119","1038","Colorless"
"215706","1038","Colorless"
"342726","1038","Colorless"
"88120","1038","Colorless"
"215707","1038","Colorless"
"469717","1038","Colorless"
"469718","1038","Colorless"
"342728","1038","Colorless"
"215709","1038","Colorless"
"342729","1038","Colorless"
"469719","1038","Colorless"
"88121","1038","Colorless"
"88122","1038","Colorless"
"469720","1038","Colorless"
"88124","1038","Colorless"
"342730","1038","Colorless"
"215710","1038","Colorless"
"342731","1038","Colorless"
"469721","1038","Colorless"
"88125","1038","Colorless"
"342732","1038","Colorless"
"342733","1038","Colorless"
"88126","1038","Colorless"
"469722","1038","Colorless"
"215711","1038","Colorless"
"88127","1038","Colorless"
"342734","1038","Colorless"
"88128","1038","Colorless"
"88129","1038","Colorless"
"215712","1038","Colorless"
"342735","1038","Colorless"
"215714","1038","Colorless"
"469724","1038","Colorless"
"215716","1038","Colorless"
"342737","1038","Colorless"
"342738","1038","Colorless"
"342739","1038","Colorless"
"215717","1038","Colorless"
"215718","1038","Colorless"
"88131","1038","Colorless"
"88132","1038","Colorless"
"342740","1038","Colorless"
"469727","1038","Colorless"
"469728","1038","Colorless"
"215720","1038","Colorless"
"469729","1038","Colorless"
"469730","1038","Colorless"
"469731","1038","Colorless"
"215721","1038","Colorless"
"469732","1038","Colorless"
"342742","1038","Colorless"
"88134","1038","Colorless"
"342743","1038","Colorless"
"88135","1038","Colorless"
"342744","1038","Colorless"
"342745","1038","Colorless"
"342746","1038","Colorless"
"215722","1038","Colorless"
"88136","1038","Colorless"
"215723","1038","Colorless"
"342748","1038","Colorless"
"342749","1038","Colorless"
"215724","1038","Colorless"
"215725","1038","Colorless"
"469739","1038","Colorless"
"215728","1038","Colorless"
"88138","1038","Colorless"
"88139","1038","Colorless"
"469741","1038","Colorless"
"469743","1038","Colorless"
"215730","1038","Colorless"
"88140","1038","Colorless"
"469744","1038","Colorless"
"342751","1038","Colorless"
"215731","1038","Colorless"
"469745","1038","Colorless"
"469746","1038","Colorless"
"215732","1038","Colorless"
"342753","1038","Colorless"
"342754","1038","Colorless"
"342755","1038","Colorless"
"88141","1038","Colorless"
"88142","1038","Colorless"
"469747","1038","Colorless"
"88143","1038","Colorless"
"342756","1038","Colorless"
"88144","1038","Colorless"
"342757","1038","Colorless"
"342758","1038","Colorless"
"88145","1038","Colorless"
"88146","1038","Colorless"
"342759","1038","Colorless"
"342760","1038","Colorless"
"469748","1038","Colorless"
"215735","1038","Colorless"
"88147","1038","Colorless"
"342763","1038","Colorless"
"88148","1038","Colorless"
"88149","1038","Colorless"
"215736","1038","Colorless"
"342764","1038","Colorless"
"215737","1038","Colorless"
"469749","1038","Colorless"
"215738","1038","Colorless"
"469750","1038","Colorless"
"342765","1038","Colorless"
"88150","1038","Colorless"
"215739","1038","Colorless"
"88151","1038","Colorless"
"88152","1038","Colorless"
"469751","1038","Colorless"
"88153","1038","Colorless"
"215740","1038","Colorless"
"342766","1038","Colorless"
"215741","1038","Colorless"
"215742","1038","Colorless"
"342767","1038","Colorless"
"469752","1038","Colorless"
"469753","1038","Colorless"
"469754","1038","Colorless"
"469755","1038","Colorless"
"342768","1038","Colorless"
"88154","1038","Colorless"
"88155","1038","Colorless"
"215743","1038","Colorless"
"88156","1038","Colorless"
"342769","1038","Colorless"
"88157","1038","Colorless"
"215744","1038","Colorless"
"88158","1038","Colorless"
"88118","1038","Green"
"88137","1038","Green"
"104113","1038","Colorless"
"104114","1038","Colorless"
"358529","1038","Colorless"
"422275","1038","Colorless"
"104115","1038","Colorless"
"358530","1038","Colorless"
"231621","1038","Colorless"
"231622","1038","Colorless"
"231623","1038","Colorless"
"422278","1038","Colorless"
"104116","1038","Colorless"
"104117","1038","Colorless"
"358531","1038","Colorless"
"422279","1038","Colorless"
"358532","1038","Colorless"
"358533","1038","Colorless"
"358534","1038","Colorless"
"358535","1038","Colorless"
"358536","1038","Colorless"
"104118","1038","Colorless"
"104119","1038","Colorless"
"422280","1038","Colorless"
"358537","1038","Colorless"
"358538","1038","Colorless"
"104121","1038","Colorless"
"104122","1038","Colorless"
"358540","1038","Colorless"
"231624","1038","Colorless"
"422282","1038","Colorless"
"104123","1038","Colorless"
"358542","1038","Colorless"
"104124","1038","Colorless"
"358543","1038","Colorless"
"231625","1038","Colorless"
"104125","1038","Colorless"
"358544","1038","Colorless"
"104126","1038","Colorless"
"104127","1038","Colorless"
"231626","1038","Colorless"
"104128","1038","Colorless"
"104129","1038","Colorless"
"358545","1038","Colorless"
"358546","1038","Colorless"
"104130","1038","Colorless"
"422284","1038","Colorless"
"231628","1038","Colorless"
"422286","1038","Colorless"
"104133","1038","Colorless"
"231629","1038","Colorless"
"231630","1038","Colorless"
"358547","1038","Colorless"
"104134","1038","Colorless"
"422289","1038","Colorless"
"422290","1038","Colorless"
"231631","1038","Colorless"
"422291","1038","Colorless"
"231632","1038","Colorless"
"422292","1038","Colorless"
"358548","1038","Colorless"
"422293","1038","Colorless"
"104137","1038","Colorless"
"358549","1038","Colorless"
"422294","1038","Colorless"
"231633","1038","Colorless"
"358550","1038","Colorless"
"104138","1038","Colorless"
"422295","1038","Colorless"
"231637","1038","Colorless"
"422296","1038","Colorless"
"422297","1038","Colorless"
"358553","1038","Colorless"
"422298","1038","Colorless"
"231638","1038","Colorless"
"422299","1038","Colorless"
"358555","1038","Colorless"
"358556","1038","Colorless"
"104140","1038","Colorless"
"104141","1038","Colorless"
"422301","1038","Colorless"
"422302","1038","Colorless"
"231639","1038","Colorless"
"358557","1038","Colorless"
"358558","1038","Colorless"
"422303","1038","Colorless"
"422305","1038","Colorless"
"104143","1038","Colorless"
"358559","1038","Colorless"
"104144","1038","Colorless"
"231640","1038","Colorless"
"104146","1038","Colorless"
"358561","1038","Colorless"
"231641","1038","Colorless"
"231642","1038","Colorless"
"422306","1038","Colorless"
"422307","1038","Colorless"
"104147","1038","Colorless"
"358562","1038","Colorless"
"104148","1038","Colorless"
"422308","1038","Colorless"
"231643","1038","Colorless"
"422309","1038","Colorless"
"422310","1038","Colorless"
"358563","1038","Colorless"
"422311","1038","Colorless"
"231644","1038","Colorless"
"104149","1038","Colorless"
"358564","1038","Colorless"
"422312","1038","Colorless"
"104151","1038","Colorless"
"104152","1038","Colorless"
"231645","1038","Colorless"
"422314","1038","Colorless"
"358566","1038","Colorless"
"422315","1038","Colorless"
"358567","1038","Colorless"
"231646","1038","Colorless"
"231647","1038","Colorless"
"231648","1038","Colorless"
"358568","1038","Colorless"
"231649","1038","Colorless"
"422316","1038","Colorless"
"104153","1038","Colorless"
"358569","1038","Colorless"
"358570","1038","Colorless"
"358571","1038","Colorless"
"358572","1038","Colorless"
"104154","1038","Colorless"
"422317","1038","Colorless"
"422318","1038","Colorless"
"422319","1038","Colorless"
"231651","1038","Colorless"
"422320","1038","Colorless"
"104155","1038","Colorless"
"104156","1038","Colorless"
"422321","1038","Colorless"
"422322","1038","Colorless"
"231653","1038","Colorless"
"358573","1038","Colorless"
"104157","1038","Colorless"
"231654","1038","Colorless"
"104142","1038","Green"
"231652","1038","Green"
"422323","1038","Green"
"358574","1038","Green"
"374355","1038","Colorless"
"501787","1038","Colorless"
"247420","1038","Colorless"
"247421","1038","Colorless"
"374356","1038","Colorless"
"247422","1038","Colorless"
"120021","1038","Colorless"
"120022","1038","Colorless"
"120023","1038","Colorless"
"247423","1038","Colorless"
"120024","1038","Colorless"
"120025","1038","Colorless"
"374357","1038","Colorless"
"501789","1038","Colorless"
"501792","1038","Colorless"
"501793","1038","Colorless"
"501794","1038","Colorless"
"120027","1038","Colorless"
"247424","1038","Colorless"
"120028","1038","Colorless"
"120029","1038","Colorless"
"501795","1038","Colorless"
"501796","1038","Colorless"
"374359","1038","Colorless"
"374360","1038","Colorless"
"501797","1038","Colorless"
"247425","1038","Colorless"
"374361","1038","Colorless"
"501798","1038","Colorless"
"120030","1038","Colorless"
"120031","1038","Colorless"
"501799","1038","Colorless"
"120032","1038","Colorless"
"247427","1038","Colorless"
"501800","1038","Colorless"
"247428","1038","Colorless"
"120033","1038","Colorless"
"247429","1038","Colorless"
"120034","1038","Colorless"
"501801","1038","Colorless"
"374362","1038","Colorless"
"247430","1038","Colorless"
"247432","1038","Colorless"
"247433","1038","Colorless"
"501803","1038","Colorless"
"120035","1038","Colorless"
"120036","1038","Colorless"
"374364","1038","Colorless"
"374365","1038","Colorless"
"374366","1038","Colorless"
"374367","1038","Colorless"
"247435","1038","Colorless"
"247436","1038","Colorless"
"374368","1038","Colorless"
"247437","1038","Colorless"
"120038","1038","Colorless"
"247438","1038","Colorless"
"247439","1038","Colorless"
"247440","1038","Colorless"
"247441","1038","Colorless"
"120039","1038","Colorless"
"120040","1038","Colorless"
"247442","1038","Colorless"
"374370","1038","Colorless"
"374371","1038","Colorless"
"374372","1038","Colorless"
"374373","1038","Colorless"
"247443","1038","Colorless"
"374374","1038","Colorless"
"374375","1038","Colorless"
"501806","1038","Colorless"
"374376","1038","Colorless"
"120041","1038","Colorless"
"247444","1038","Colorless"
"374377","1038","Colorless"
"501808","1038","Colorless"
"120042","1038","Colorless"
"247445","1038","Colorless"
"247446","1038","Colorless"
"247447","1038","Colorless"
"247448","1038","Colorless"
"374378","1038","Colorless"
"501809","1038","Colorless"
"501810","1038","Colorless"
"374379","1038","Colorless"
"247449","1038","Colorless"
"247450","1038","Colorless"
"501811","1038","Colorless"
"501812","1038","Colorless"
"247451","1038","Colorless"
"120046","1038","Colorless"
"247453","1038","Colorless"
"247454","1038","Colorless"
"247455","1038","Colorless"
"374380","1038","Colorless"
"374381","1038","Colorless"
"120047","1038","Colorless"
"120048","1038","Colorless"
"374382","1038","Colorless"
"120049","1038","Colorless"
"501814","1038","Colorless"
"501815","1038","Colorless"
"501816","1038","Colorless"
"374383","1038","Colorless"
"247456","1038","Colorless"
"120050","1038","Colorless"
"247458","1038","Colorless"
"120051","1038","Colorless"
"501817","1038","Colorless"
"247460","1038","Colorless"
"501820","1038","Colorless"
"120052","1038","Colorless"
"120053","1038","Colorless"
"374384","1038","Colorless"
"501821","1038","Colorless"
"120054","1038","Colorless"
"247461","1038","Colorless"
"247462","1038","Colorless"
"120055","1038","Colorless"
"501823","1038","Colorless"
"247463","1038","Colorless"
"247464","1038","Colorless"
"120056","1038","Colorless"
"120057","1038","Colorless"
"374386","1038","Colorless"
"501824","1038","Colorless"
"501825","1038","Colorless"
"247465","1038","Colorless"
"247466","1038","Colorless"
"247467","1038","Colorless"
"247468","1038","Colorless"
"120058","1038","Colorless"
"120059","1038","Colorless"
"247469","1038","Colorless"
"501826","1038","Colorless"
"120060","1038","Colorless"
"247470","1038","Colorless"
"247471","1038","Colorless"
"374387","1038","Colorless"
"120062","1038","Colorless"
"120063","1038","Colorless"
"247472","1038","Colorless"
"501827","1038","Colorless"
"120064","1038","Colorless"
"375574","1038","Colorless"
"501790","1038","Green"
"120045","1038","Green"
"247452","1038","Green"
"120061","1038","Green"
"374385","1038","Yellow"
